Cow,Behaviour_History,Latest_Behaviour
Cow 1,standing -> standing -> standing -> standing -> standing -> standing -> standing -> standing -> standing -> standing -> standing -> standing -> standing -> standing -> standing -> standing -> standing -> standing -> standing -> standing -> standing -> standing -> standing -> standing -> standing -> standing -> standing -> standing -> standing -> standing -> standing -> standing -> standing -> standing -> standing -> standing -> standing -> standing -> standing -> standing -> standing -> standing -> standing -> standing -> standing -> standing -> standing -> standing -> standing -> standing,standing
Cow 2,drinking -> drinking -> drinking -> drinking -> drinking -> drinking -> drinking -> drinking -> drinking -> drinking -> drinking -> drinking -> drinking -> drinking -> drinking -> drinking -> drinking -> drinking -> drinking -> standing -> standing -> drinking -> drinking -> drinking -> drinking -> standing -> standing -> standing -> standing -> standing -> drinking -> drinking -> drinking -> drinking -> drinking -> drinking -> drinking -> drinking -> drinking -> standing -> standing -> drinking -> drinking -> drinking -> drinking -> drinking -> drinking -> drinking -> drinking -> standing,standing
Cow 3,standing -> standing -> standing -> standing -> standing -> standing -> standing -> standing -> standing -> standing -> standing -> standing -> standing -> standing -> rumination -> standing -> standing -> standing -> standing -> standing -> standing -> standing -> standing -> standing -> standing -> standing -> standing -> standing,standing
Cow 4,standing -> standing -> standing -> standing -> standing -> standing -> standing -> standing -> standing -> standing -> standing -> standing -> standing -> standing -> standing -> standing -> standing -> standing -> standing -> standing -> drinking -> standing -> standing -> standing -> standing -> drinking -> standing -> drinking -> drinking -> standing -> standing -> standing -> standing -> standing -> standing -> standing -> standing -> standing -> standing -> drinking -> drinking -> standing -> standing -> standing -> standing -> standing -> standing -> standing -> standing -> drinking,drinking
Cow 5,standing -> standing -> standing -> standing -> standing -> standing -> standing -> standing -> standing -> standing -> standing -> standing -> standing -> standing -> standing -> standing -> standing -> standing -> standing -> standing -> standing -> standing -> standing -> standing -> standing -> standing -> standing -> standing -> standing -> standing -> standing -> standing -> standing -> standing -> standing -> standing -> standing -> standing -> standing -> standing -> standing -> standing -> standing -> standing -> standing -> standing -> standing -> standing -> standing -> standing,standing
Cow 6,standing -> standing -> standing -> standing -> standing -> standing -> standing -> standing -> standing -> standing -> standing -> standing -> standing -> standing -> standing -> standing -> standing -> standing -> standing -> standing -> standing -> standing -> standing -> standing -> standing -> standing -> standing -> standing -> standing -> standing -> standing -> standing -> standing -> standing -> standing -> standing -> standing -> standing -> standing -> standing -> standing -> standing -> standing -> standing -> standing -> standing -> standing -> standing -> standing -> standing,standing
Cow 7,rumination -> rumination -> rumination -> standing -> standing -> standing -> standing -> rumination -> rumination -> rumination -> rumination -> rumination -> rumination -> rumination -> standing -> standing -> standing -> standing -> standing -> standing -> rumination -> rumination -> standing -> standing -> standing -> standing -> standing -> standing -> standing -> standing -> standing -> standing -> rumination -> standing -> standing -> standing -> standing -> standing -> standing -> standing -> standing -> standing -> standing -> standing -> standing,standing
Cow 8,standing -> standing -> standing -> standing -> standing -> standing -> standing -> standing -> standing -> standing -> standing -> standing -> standing -> standing -> standing -> standing -> standing -> standing -> standing -> standing -> standing -> standing -> standing -> standing -> standing -> standing -> standing -> standing -> standing -> standing -> standing -> standing -> standing -> standing -> standing -> standing -> standing -> standing -> standing -> standing -> standing -> standing -> standing -> standing -> standing -> standing -> standing -> standing -> standing -> standing,standing
Cow 9,standing -> standing -> standing -> standing -> standing -> standing -> standing -> standing -> standing -> standing -> standing -> standing -> standing -> standing -> standing -> standing -> standing -> standing -> standing -> standing -> standing -> standing -> standing -> standing -> standing -> standing -> standing -> standing -> standing -> standing -> standing -> standing -> standing -> standing -> standing -> standing -> standing -> standing -> standing -> standing -> standing -> standing -> standing -> standing -> standing -> standing -> standing -> standing -> standing -> standing,standing
Cow 12,standing -> standing -> standing -> standing -> standing -> standing -> standing -> standing -> standing -> standing -> standing -> standing -> standing -> standing,standing
Cow 14,standing -> standing -> standing -> standing -> standing -> standing -> standing -> standing -> standing -> standing -> standing -> standing -> standing -> standing -> standing -> standing -> standing -> standing -> standing -> standing -> standing,standing
Cow 16,lying -> lying -> lying -> lying -> lying -> lying -> lying -> lying -> lying -> lying -> lying,lying
Cow 20,standing -> standing -> standing -> standing -> standing -> standing -> standing -> standing,standing
Cow 21,standing -> standing -> standing -> standing -> standing,standing
